{"cameraMode":{"drawMode":0,"name":"Shaded","section":"Shading Mode"},"sceneLighting":true,"audioPlay":false,"sceneViewState":{"m_AlwaysRefresh":false,"showFog":true,"showSkybox":false,"showFlares":true,"showImageEffects":true,"showParticleSystems":true,"showVisualEffectGraphs":true,"m_FxEnabled":true},"in2DMode":false,"pivot":{"x":-3.431185245513916,"y":2.8598594665527345,"z":-1.6767692565917969},"rotation":{"x":0.14774027466773988,"y":-0.6052688956260681,"z":0.11557622253894806,"w":0.7736132144927979},"size":11.827739715576172,"orthographic":false}